INSERT INTO membresia (Tipo, Descripcion, DiasDuracion, Precio) VALUES
    ('Basic','Acceso general al gimnasio en horario normal',30,250.00),
    ('Cool','Acceso al gimnasio + 1 clase grupal semanal',30,350.00),
    ('Sigma','Acceso total + clases ilimitadas seleccionadas',30,500.00),
    ('Unreal','Acceso VIP, todas las clases y beneficios premium',30,650.00);

-- PERSONA (100)
INSERT INTO persona (Nombre, Apellido, CI, FechaNacimiento, Telefono, Email, Direccion) VALUES
    ('Juan','Gomez','CI0001','1985-01-01','70000001','juan.gomez1@mail.com','Calle Gomez 100'),
    ('Carlos','Perez','CI0002','1985-09-03','70000002','carlos.perez2@mail.com','Calle Perez 101'),
    ('Luis','Rodriguez','CI0003','1986-05-05','70000003','luis.rodriguez3@mail.com','Calle Rodriguez 102'),
    ('Miguel','Lopez','CI0004','1987-01-06','70000004','miguel.lopez4@mail.com','Calle Lopez 103'),
    ('Jose','Martinez','CI0005','1987-09-08','70000005','jose.martinez5@mail.com','Calle Martinez 104'),
    ('Pedro','Gonzalez','CI0006','1988-05-09','70000006','pedro.gonzalez6@mail.com','Calle Gonzalez 105'),
    ('Diego','Sanchez','CI0007','1989-01-10','70000007','diego.sanchez7@mail.com','Calle Sanchez 106'),
    ('Javier','Ramirez','CI0008','1989-09-12','70000008','javier.ramirez8@mail.com','Calle Ramirez 107'),
    ('Fernando','Torres','CI0009','1990-05-14','70000009','fernando.torres9@mail.com','Calle Torres 108'),
    ('Ricardo','Flores','CI0010','1991-01-15','70000010','ricardo.flores10@mail.com','Calle Flores 109'),
    ('Andres','Vargas','CI0011','1991-09-16','70000011','andres.vargas11@mail.com','Calle Vargas 110'),
    ('Sergio','Castro','CI0012','1992-05-18','70000012','sergio.castro12@mail.com','Calle Castro 111'),
    ('Marco','Ortiz','CI0013','1993-01-19','70000013','marco.ortiz13@mail.com','Calle Ortiz 112'),
    ('Hector','Morales','CI0014','1993-09-21','70000014','hector.morales14@mail.com','Calle Morales 113'),
    ('Roberto','Rios','CI0015','1994-05-23','70000015','roberto.rios15@mail.com','Calle Rios 114'),
    ('Manuel','Silva','CI0016','1995-01-24','70000016','manuel.silva16@mail.com','Calle Silva 115'),
    ('Rafael','Herrera','CI0017','1995-09-25','70000017','rafael.herrera17@mail.com','Calle Herrera 116'),
    ('Victor','Cruz','CI0018','1996-05-27','70000018','victor.cruz18@mail.com','Calle Cruz 117'),
    ('Daniel','Reyes','CI0019','1997-01-28','70000019','daniel.reyes19@mail.com','Calle Reyes 118'),
    ('Alejandro','Mendoza','CI0020','1997-09-30','70000020','alejandro.mendoza20@mail.com','Calle Mendoza 119'),
    ('Mario','Gomez','CI0021','1998-05-02','70000021','mario.gomez21@mail.com','Calle Gomez 120'),
    ('Felipe','Perez','CI0022','1999-01-03','70000022','felipe.perez22@mail.com','Calle Perez 121'),
    ('Hugo','Rodriguez','CI0023','1999-09-05','70000023','hugo.rodriguez23@mail.com','Calle Rodriguez 122'),
    ('Gabriel','Lopez','CI0024','2000-05-06','70000024','gabriel.lopez24@mail.com','Calle Lopez 123'),
    ('Raul','Martinez','CI0025','2001-01-07','70000025','raul.martinez25@mail.com','Calle Martinez 124'),
    ('Alberto','Gonzalez','CI0026','2001-09-09','70000026','alberto.gonzalez26@mail.com','Calle Gonzalez 125'),
    ('Pablo','Sanchez','CI0027','2002-05-11','70000027','pablo.sanchez27@mail.com','Calle Sanchez 126'),
    ('Rodrigo','Ramirez','CI0028','2003-01-12','70000028','rodrigo.ramirez28@mail.com','Calle Ramirez 127'),
    ('Martin','Torres','CI0029','2003-09-13','70000029','martin.torres29@mail.com','Calle Torres 128'),
    ('Bruno','Flores','CI0030','2004-05-14','70000030','bruno.flores30@mail.com','Calle Flores 129'),
    ('Lucia','Vargas','CI0031','1985-01-16','70000031','lucia.vargas31@mail.com','Calle Vargas 130'),
    ('Maria','Castro','CI0032','1985-09-18','70000032','maria.castro32@mail.com','Calle Castro 131'),
    ('Ana','Ortiz','CI0033','1986-05-20','70000033','ana.ortiz33@mail.com','Calle Ortiz 132'),
    ('Laura','Morales','CI0034','1987-01-21','70000034','laura.morales34@mail.com','Calle Morales 133'),
    ('Carla','Rios','CI0035','1987-09-23','70000035','carla.rios35@mail.com','Calle Rios 134'),
    ('Sofia','Silva','CI0036','1988-05-24','70000036','sofia.silva36@mail.com','Calle Silva 135'),
    ('Camila','Herrera','CI0037','1989-01-25','70000037','camila.herrera37@mail.com','Calle Herrera 136'),
    ('Valeria','Cruz','CI0038','1989-09-27','70000038','valeria.cruz38@mail.com','Calle Cruz 137'),
    ('Fernanda','Reyes','CI0039','1990-05-29','70000039','fernanda.reyes39@mail.com','Calle Reyes 138'),
    ('Paula','Mendoza','CI0040','1991-01-30','70000040','paula.mendoza40@mail.com','Calle Mendoza 139'),
    ('Patricia','Gomez','CI0041','1991-09-01','70000041','patricia.gomez41@mail.com','Calle Gomez 140'),
    ('Adriana','Perez','CI0042','1992-05-02','70000042','adriana.perez42@mail.com','Calle Perez 141'),
    ('Claudia','Rodriguez','CI0043','1993-01-04','70000043','claudia.rodriguez43@mail.com','Calle Rodriguez 142'),
    ('Daniela','Lopez','CI0044','1993-09-05','70000044','daniela.lopez44@mail.com','Calle Lopez 143'),
    ('Veronica','Martinez','CI0045','1994-05-07','70000045','veronica.martinez45@mail.com','Calle Martinez 144'),
    ('Andrea','Gonzalez','CI0046','1995-01-08','70000046','andrea.gonzalez46@mail.com','Calle Gonzalez 145'),
    ('Bianca','Sanchez','CI0047','1995-09-09','70000047','bianca.sanchez47@mail.com','Calle Sanchez 146'),
    ('Julieta','Ramirez','CI0048','1996-05-11','70000048','julieta.ramirez48@mail.com','Calle Ramirez 147'),
    ('Rocio','Torres','CI0049','1997-01-12','70000049','rocio.torres49@mail.com','Calle Torres 148'),
    ('Natalia','Flores','CI0050','1997-09-14','70000050','natalia.flores50@mail.com','Calle Flores 149'),
    ('Juan','Vargas','CI0051','1998-05-16','70000051','juan.vargas51@mail.com','Calle Vargas 150'),
    ('Carlos','Castro','CI0052','1999-01-17','70000052','carlos.castro52@mail.com','Calle Castro 151'),
    ('Luis','Ortiz','CI0053','1999-09-18','70000053','luis.ortiz53@mail.com','Calle Ortiz 152'),
    ('Miguel','Morales','CI0054','2000-05-20','70000054','miguel.morales54@mail.com','Calle Morales 153'),
    ('Jose','Rios','CI0055','2001-01-21','70000055','jose.rios55@mail.com','Calle Rios 154'),
    ('Pedro','Silva','CI0056','2001-09-22','70000056','pedro.silva56@mail.com','Calle Silva 155'),
    ('Diego','Herrera','CI0057','2002-05-24','70000057','diego.herrera57@mail.com','Calle Herrera 156'),
    ('Javier','Cruz','CI0058','2003-01-25','70000058','javier.cruz58@mail.com','Calle Cruz 157'),
    ('Fernando','Reyes','CI0059','2003-09-27','70000059','fernando.reyes59@mail.com','Calle Reyes 158'),
    ('Ricardo','Mendoza','CI0060','2004-05-28','70000060','ricardo.mendoza60@mail.com','Calle Mendoza 159'),
    ('Andres','Gomez','CI0061','1985-01-30','70000061','andres.gomez61@mail.com','Calle Gomez 160'),
    ('Sergio','Perez','CI0062','1985-09-01','70000062','sergio.perez62@mail.com','Calle Perez 161'),
    ('Marco','Rodriguez','CI0063','1986-05-03','70000063','marco.rodriguez63@mail.com','Calle Rodriguez 162'),
    ('Hector','Lopez','CI0064','1987-01-04','70000064','hector.lopez64@mail.com','Calle Lopez 163'),
    ('Roberto','Martinez','CI0065','1987-09-06','70000065','roberto.martinez65@mail.com','Calle Martinez 164'),
    ('Manuel','Gonzalez','CI0066','1988-05-08','70000066','manuel.gonzalez66@mail.com','Calle Gonzalez 165'),
    ('Rafael','Sanchez','CI0067','1989-01-09','70000067','rafael.sanchez67@mail.com','Calle Sanchez 166'),
    ('Victor','Ramirez','CI0068','1989-09-11','70000068','victor.ramirez68@mail.com','Calle Ramirez 167'),
    ('Daniel','Torres','CI0069','1990-05-13','70000069','daniel.torres69@mail.com','Calle Torres 168'),
    ('Alejandro','Flores','CI0070','1991-01-14','70000070','alejandro.flores70@mail.com','Calle Flores 169'),
    ('Mario','Vargas','CI0071','1991-09-15','70000071','mario.vargas71@mail.com','Calle Vargas 170'),
    ('Felipe','Castro','CI0072','1992-05-17','70000072','felipe.castro72@mail.com','Calle Castro 171'),
    ('Hugo','Ortiz','CI0073','1993-01-18','70000073','hugo.ortiz73@mail.com','Calle Ortiz 172'),
    ('Gabriel','Morales','CI0074','1993-09-20','70000074','gabriel.morales74@mail.com','Calle Morales 173'),
    ('Raul','Rios','CI0075','1994-05-22','70000075','raul.rios75@mail.com','Calle Rios 174'),
    ('Alberto','Silva','CI0076','1995-01-23','70000076','alberto.silva76@mail.com','Calle Silva 175'),
    ('Pablo','Herrera','CI0077','1995-09-24','70000077','pablo.herrera77@mail.com','Calle Herrera 176'),
    ('Rodrigo','Cruz','CI0078','1996-05-26','70000078','rodrigo.cruz78@mail.com','Calle Cruz 177'),
    ('Martin','Reyes','CI0079','1997-01-27','70000079','martin.reyes79@mail.com','Calle Reyes 178'),
    ('Bruno','Mendoza','CI0080','1997-09-29','70000080','bruno.mendoza80@mail.com','Calle Mendoza 179'),
    ('Lucia','Gomez','CI0081','1998-05-01','70000081','lucia.gomez81@mail.com','Calle Gomez 180'),
    ('Maria','Perez','CI0082','1999-01-02','70000082','maria.perez82@mail.com','Calle Perez 181'),
    ('Ana','Rodriguez','CI0083','1999-09-04','70000083','ana.rodriguez83@mail.com','Calle Rodriguez 182'),
    ('Laura','Lopez','CI0084','2000-05-05','70000084','laura.lopez84@mail.com','Calle Lopez 183'),
    ('Carla','Martinez','CI0085','2001-01-06','70000085','carla.martinez85@mail.com','Calle Martinez 184'),
    ('Sofia','Gonzalez','CI0086','2001-09-08','70000086','sofia.gonzalez86@mail.com','Calle Gonzalez 185'),
    ('Camila','Sanchez','CI0087','2002-05-10','70000087','camila.sanchez87@mail.com','Calle Sanchez 186'),
    ('Valeria','Ramirez','CI0088','2003-01-11','70000088','valeria.ramirez88@mail.com','Calle Ramirez 187'),
    ('Fernanda','Torres','CI0089','2003-09-12','70000089','fernanda.torres89@mail.com','Calle Torres 188'),
    ('Paula','Flores','CI0090','2004-05-13','70000090','paula.flores90@mail.com','Calle Flores 189'),
    ('Patricia','Vargas','CI0091','1985-01-15','70000091','patricia.vargas91@mail.com','Calle Vargas 190'),
    ('Adriana','Castro','CI0092','1985-09-17','70000092','adriana.castro92@mail.com','Calle Castro 191'),
    ('Claudia','Ortiz','CI0093','1986-05-19','70000093','claudia.ortiz93@mail.com','Calle Ortiz 192'),
    ('Daniela','Morales','CI0094','1987-01-20','70000094','daniela.morales94@mail.com','Calle Morales 193'),
    ('Veronica','Rios','CI0095','1987-09-22','70000095','veronica.rios95@mail.com','Calle Rios 194'),
    ('Andrea','Silva','CI0096','1988-05-23','70000096','andrea.silva96@mail.com','Calle Silva 195'),
    ('Bianca','Herrera','CI0097','1989-01-24','70000097','bianca.herrera97@mail.com','Calle Herrera 196'),
    ('Julieta','Cruz','CI0098','1989-09-26','70000098','julieta.cruz98@mail.com','Calle Cruz 197'),
    ('Rocio','Reyes','CI0099','1990-05-28','70000099','rocio.reyes99@mail.com','Calle Reyes 198'),
    ('Natalia','Mendoza','CI0100','1991-01-29','70000100','natalia.mendoza100@mail.com','Calle Mendoza 199');

-- EMPLEADO (20) - personas 1 a 20
INSERT INTO empleado (ID_persona, Tipo, FechaInicio, FechaFin, Estado) VALUES
    (1,'Coach','2022-01-10',NULL,'Activo'),
    (2,'Coach','2022-01-25',NULL,'Activo'),
    (3,'Coach','2022-02-09',NULL,'Activo'),
    (4,'Coach','2022-02-24',NULL,'Activo'),
    (5,'Coach','2022-03-11',NULL,'Activo'),
    (6,'Coach','2022-03-26',NULL,'Activo'),
    (7,'Coach','2022-04-10',NULL,'Descanso'),
    (8,'Coach','2022-04-25',NULL,'Activo'),
    (9,'Recepcionista','2022-05-10',NULL,'Activo'),
    (10,'Recepcionista','2022-05-25',NULL,'Inactivo'),
    (11,'Recepcionista','2022-06-09',NULL,'Activo'),
    (12,'Recepcionista','2022-06-24',NULL,'Activo'),
    (13,'Recepcionista','2022-07-09',NULL,'Descanso'),
    (14,'Administrador','2022-07-24',NULL,'Activo'),
    (15,'Administrador','2022-08-08',NULL,'Inactivo'),
    (16,'Administrador','2022-08-23',NULL,'Activo'),
    (17,'Limpieza','2022-09-07',NULL,'Activo'),
    (18,'Limpieza','2022-09-22',NULL,'Descanso'),
    (19,'Limpieza','2022-10-07',NULL,'Activo'),
    (20,'Limpieza','2022-10-22',NULL,'Inactivo');

-- SOCIO (80) - personas 21 a 100
INSERT INTO socio (ID_persona, FechaRegistro, Estado, ID_membresia) VALUES
    (21,'2024-01-15','Inactivo',1),
    (22,'2024-01-18','Activo',2),
    (23,'2024-01-21','Activo',3),
    (24,'2024-01-24','Activo',4),
    (25,'2024-01-27','Activo',1),
    (26,'2024-01-30','Activo',2),
    (27,'2024-02-02','Activo',3),
    (28,'2024-02-05','Activo',4),
    (29,'2024-02-08','Activo',1),
    (30,'2024-02-11','Activo',2),
    (31,'2024-02-14','Inactivo',3),
    (32,'2024-02-17','Activo',4),
    (33,'2024-02-20','Activo',1),
    (34,'2024-02-23','Activo',2),
    (35,'2024-02-26','Activo',3),
    (36,'2024-02-29','Activo',4),
    (37,'2024-03-03','Activo',1),
    (38,'2024-03-06','Activo',2),
    (39,'2024-03-09','Activo',3),
    (40,'2024-03-12','Activo',4),
    (41,'2024-03-15','Inactivo',1),
    (42,'2024-03-18','Activo',2),
    (43,'2024-03-21','Activo',3),
    (44,'2024-03-24','Activo',4),
    (45,'2024-03-27','Activo',1),
    (46,'2024-03-30','Activo',2),
    (47,'2024-04-02','Activo',3),
    (48,'2024-04-05','Activo',4),
    (49,'2024-04-08','Activo',1),
    (50,'2024-04-11','Activo',2),
    (51,'2024-04-14','Inactivo',3),
    (52,'2024-04-17','Activo',4),
    (53,'2024-04-20','Activo',1),
    (54,'2024-04-23','Activo',2),
    (55,'2024-04-26','Activo',3),
    (56,'2024-04-29','Activo',4),
    (57,'2024-05-02','Activo',1),
    (58,'2024-05-05','Activo',2),
    (59,'2024-05-08','Activo',3),
    (60,'2024-05-11','Activo',4),
    (61,'2024-05-14','Inactivo',1),
    (62,'2024-05-17','Activo',2),
    (63,'2024-05-20','Activo',3),
    (64,'2024-05-23','Activo',4),
    (65,'2024-05-26','Activo',1),
    (66,'2024-05-29','Activo',2),
    (67,'2024-06-01','Activo',3),
    (68,'2024-06-04','Activo',4),
    (69,'2024-06-07','Activo',1),
    (70,'2024-06-10','Activo',2),
    (71,'2024-06-13','Inactivo',3),
    (72,'2024-06-16','Activo',4),
    (73,'2024-06-19','Activo',1),
    (74,'2024-06-22','Activo',2),
    (75,'2024-06-25','Activo',3),
    (76,'2024-06-28','Activo',4),
    (77,'2024-07-01','Activo',1),
    (78,'2024-07-04','Activo',2),
    (79,'2024-07-07','Activo',3),
    (80,'2024-07-10','Activo',4),
    (81,'2024-07-13','Inactivo',1),
    (82,'2024-07-16','Activo',2),
    (83,'2024-07-19','Activo',3),
    (84,'2024-07-22','Activo',4),
    (85,'2024-07-25','Activo',1),
    (86,'2024-07-28','Activo',2),
    (87,'2024-07-31','Activo',3),
    (88,'2024-08-03','Activo',4),
    (89,'2024-08-06','Activo',1),
    (90,'2024-08-09','Activo',2),
    (91,'2024-08-12','Inactivo',3),
    (92,'2024-08-15','Activo',4),
    (93,'2024-08-18','Activo',1),
    (94,'2024-08-21','Activo',2),
    (95,'2024-08-24','Activo',3),
    (96,'2024-08-27','Activo',4),
    (97,'2024-08-30','Activo',1),
    (98,'2024-09-02','Activo',2),
    (99,'2024-09-05','Activo',3),
    (100,'2024-09-08','Activo',4);

-- CLASE (6)
INSERT INTO clase (Nombre, Horario, ID_coach, Precio) VALUES
    ('Boxing','Lunes, Miercoles y Viernes 18:00-19:00',1,300.00),
    ('Kickboxing','Martes y Jueves 19:00-20:00',2,320.00),
    ('Jiujitsu','Lunes y Miercoles 20:00-21:30',3,350.00),
    ('Crossfit','Lunes a Viernes 07:00-08:00',4,400.00),
    ('Zumba','Martes y Jueves 18:00-19:00',5,280.00),
    ('Natacion','Sabado y Domingo 09:00-11:00',6,450.00);

-- INVENTARIO (40)
INSERT INTO inventario (Nombre, Tipo, Marca, Cantidad, Estado) VALUES
    ('Cinta de correr','Maquina de gimnasio','LifeFitness',1,'Excelente'),
    ('Bicicleta fija','Maquina de gimnasio','Technogym',1,'Bueno'),
    ('Eliptica','Maquina de gimnasio','Matrix',1,'Normal'),
    ('Prensa de piernas','Maquina de gimnasio','Precor',1,'Requiere mantenimiento'),
    ('Banco plano','Maquina de gimnasio','NordicTrack',1,'Excelente'),
    ('Banco inclinado','Maquina de gimnasio','BH',1,'Bueno'),
    ('Multiestacion','Maquina de gimnasio','BodyStrong',1,'Normal'),
    ('Remo sentado','Maquina de gimnasio','LifeFitness',1,'Requiere mantenimiento'),
    ('Polea alta','Maquina de gimnasio','Technogym',1,'Excelente'),
    ('Polea baja','Maquina de gimnasio','Matrix',1,'Bueno'),
    ('Maquina de pecho','Maquina de gimnasio','Precor',1,'Normal'),
    ('Maquina de hombros','Maquina de gimnasio','NordicTrack',1,'Requiere mantenimiento'),
    ('Maquina de espalda','Maquina de gimnasio','BH',1,'Excelente'),
    ('Maquina de biceps','Maquina de gimnasio','BodyStrong',1,'Bueno'),
    ('Maquina de triceps','Maquina de gimnasio','LifeFitness',1,'Normal'),
    ('Maquina de abductores','Maquina de gimnasio','Technogym',1,'Requiere mantenimiento'),
    ('Maquina de aductores','Maquina de gimnasio','Matrix',1,'Excelente'),
    ('Maquina de gluteos','Maquina de gimnasio','Precor',1,'Bueno'),
    ('Maquina de pantorrillas','Maquina de gimnasio','NordicTrack',1,'Normal'),
    ('Maquina de cuadriceps','Maquina de gimnasio','BH',1,'Requiere mantenimiento'),
    ('Jaula de sentadillas','Maquina de gimnasio','BodyStrong',2,'Excelente'),
    ('Smith machine','Maquina de gimnasio','LifeFitness',2,'Bueno'),
    ('Pec deck','Maquina de gimnasio','Technogym',2,'Normal'),
    ('Hack squat','Maquina de gimnasio','Matrix',2,'Requiere mantenimiento'),
    ('Maquina de femorales','Maquina de gimnasio','Precor',2,'Excelente'),
    ('Press de hombros','Maquina de gimnasio','NordicTrack',2,'Bueno'),
    ('Press de pecho inclinado','Maquina de gimnasio','BH',2,'Normal'),
    ('Press de pecho declinado','Maquina de gimnasio','BodyStrong',2,'Requiere mantenimiento'),
    ('Mancuernas hexagonales 5kg','Accesorio','Precor',4,'Bueno'),
    ('Mancuernas hexagonales 10kg','Accesorio','NordicTrack',4,'Normal'),
    ('Discos olimpicos 5kg','Accesorio','BH',4,'Requiere mantenimiento'),
    ('Discos olimpicos 10kg','Accesorio','BodyStrong',4,'Excelente'),
    ('Discos olimpicos 20kg','Accesorio','LifeFitness',4,'Bueno'),
    ('Barra olimpica 20kg','Accesorio','Technogym',3,'Normal'),
    ('Colchonetas de yoga','Utileria','Matrix',6,'Requiere mantenimiento'),
    ('Bandas elasticas','Accesorio','Precor',10,'Excelente'),
    ('Sogas para saltar','Accesorio','NordicTrack',10,'Bueno'),
    ('Kettlebells','Accesorio','BH',3,'Normal'),
    ('Balon medicinal','Accesorio','BodyStrong',3,'Requiere mantenimiento'),
    ('Conos de entrenamiento','Utileria','LifeFitness',10,'Excelente');

-- PROVEEDOR (8)
INSERT INTO proveedor (Nombre, Direccion, Telefono, Email) VALUES
    ('FitSupply SRL','Av Siempre Viva 123','77700001','contacto@fitsupply.com'),
    ('Deportes Andinos','Calle Principal 456','77700002','ventas@deportesandinos.com'),
    ('NutriGym','Av Libertad 789','77700003','info@nutrigym.com'),
    ('Mantenimiento Total','Calle Trabajo 321','77700004','servicios@mtotal.com'),
    ('Limpieza Brillo','Av Limpia 654','77700005','contacto@brillo.com'),
    ('Bebidas Refrescantes','Calle Fria 987','77700006','ventas@bebidasrefrescantes.com'),
    ('TecnoFitness','Av Tecnologia 741','77700007','soporte@tecnofitness.com'),
    ('PrintExpress','Calle Imprenta 258','77700008','contacto@printexpress.com');

-- GASTOS (60)
INSERT INTO gastos (ID_proveedor, ID_objeto, FechaGasto, Descripcion, Total) VALUES
    (1,1,'2025-01-05','Mantenimiento de maquina de pecho',150.00),
    (2,NULL,'2025-01-08','Compra de refrigerios para personal',225.00),
    (3,NULL,'2025-01-11','Compra de agua embotellada para socios',250.00),
    (4,4,'2025-01-14','Reparacion de eliptica',210.00),
    (5,NULL,'2025-01-17','Servicio de limpieza general',300.00),
    (6,NULL,'2025-01-20','Compra de articulos de limpieza',325.00),
    (7,7,'2025-01-23','Reparacion de multiestacion',270.00),
    (8,NULL,'2025-01-26','Impresion de publicidad',400.00),
    (1,NULL,'2025-01-29','Diseno de flyers',425.00),
    (2,10,'2025-02-01','Maquinas de polea',230.00),
    (3,11,'2025-02-04','Reparacion de bicicleta fija',190.00),
    (4,NULL,'2025-02-07','Mantenimiento electrico del local',450.00),
    (5,NULL,'2025-02-10','Pintura de paredes',475.00),
    (6,14,'2025-02-13','Mantenimiento de maquina de biceps',230.00),
    (7,NULL,'2025-02-16','Servicio de internet',575.00),
    (8,NULL,'2025-02-19','Pago de servicio de musica ambiental',600.00),
    (1,17,'2025-02-22','Mantenimiento de maquina de gluteos',270.00),
    (2,NULL,'2025-02-25','Compra de refrigerios para personal',325.00),
    (3,NULL,'2025-02-28','Compra de agua embotellada para socios',350.00),
    (4,20,'2025-03-03','Mantenimiento de maquina de cuadriceps',230.00),
    (5,NULL,'2025-03-06','Servicio de limpieza general',400.00),
    (6,NULL,'2025-03-09','Compra de articulos de limpieza',425.00),
    (7,23,'2025-03-12','Reparacion de pec deck',270.00),
    (8,NULL,'2025-03-15','Impresion de publicidad',550.00),
    (1,NULL,'2025-03-18','Diseno de flyers',575.00),
    (2,26,'2025-03-21','Mantenimiento de press de hombros',310.00),
    (3,NULL,'2025-03-24','Mantenimiento electrico del local',650.00),
    (4,NULL,'2025-03-27','Pintura de paredes',675.00),
    (5,29,'2025-03-30','Reemplazo de mancuernas',310.00),
    (6,NULL,'2025-04-02','Servicio de internet',725.00),
    (7,NULL,'2025-04-05','Pago de servicio de musica ambiental',750.00),
    (8,32,'2025-04-08','Compra de discos olimpicos',350.00),
    (1,NULL,'2025-04-11','Compra de refrigerios para personal',625.00),
    (2,NULL,'2025-04-14','Compra de agua embotellada para socios',650.00),
    (3,35,'2025-04-17','Reemplazo de colchonetas',390.00),
    (4,NULL,'2025-04-20','Servicio de limpieza general',700.00),
    (5,NULL,'2025-04-23','Compra de articulos de limpieza',725.00),
    (6,38,'2025-04-26','Mantenimiento de bandas elasticas',430.00),
    (7,NULL,'2025-04-29','Impresion de publicidad',850.00),
    (8,NULL,'2025-05-02','Diseno de flyers',875.00),
    (1,3,'2025-05-05','Reparacion de eliptica',210.00),
    (2,NULL,'2025-05-08','Mantenimiento electrico del local',950.00),
    (3,NULL,'2025-05-11','Pintura de paredes',975.00),
    (4,6,'2025-05-14','Reparacion de banco inclinado',230.00),
    (5,NULL,'2025-05-17','Servicio de internet',1025.00),
    (6,NULL,'2025-05-20','Pago de servicio de musica ambiental',1050.00),
    (7,9,'2025-05-23','Mantenimiento de polea alta',250.00),
    (8,NULL,'2025-05-26','Compra de refrigerios para personal',1125.00),
    (1,NULL,'2025-05-29','Compra de agua embotellada para socios',1150.00),
    (2,12,'2025-06-01','Mantenimiento de maquina de hombros',270.00),
    (3,NULL,'2025-06-04','Servicio de limpieza general',1200.00),
    (4,NULL,'2025-06-07','Compra de articulos de limpieza',1225.00),
    (5,15,'2025-06-10','Mantenimiento de maquina de triceps',290.00),
    (6,NULL,'2025-06-13','Impresion de publicidad',1300.00),
    (7,NULL,'2025-06-16','Diseno de flyers',1325.00),
    (8,18,'2025-06-19','Mantenimiento de maquina de gluteos',310.00),
    (1,NULL,'2025-06-22','Mantenimiento electrico del local',1400.00),
    (2,NULL,'2025-06-25','Pintura de paredes',1425.00),
    (3,21,'2025-06-28','Mantenimiento de jaula de sentadillas',330.00),
    (4,NULL,'2025-07-01','Servicio de internet',1500.00),
    (5,NULL,'2025-07-04','Pago de servicio de musica ambiental',1525.00),
    (6,24,'2025-07-07','Reparacion de hack squat',350.00),
    (7,NULL,'2025-07-10','Compra de refrigerios para personal',1600.00),
    (8,NULL,'2025-07-13','Compra de agua embotellada para socios',1625.00),
    (1,27,'2025-07-16','Mantenimiento de press de pecho inclinado',370.00),
    (2,NULL,'2025-07-19','Servicio de limpieza general',1700.00),
    (3,NULL,'2025-07-22','Compra de articulos de limpieza',1725.00),
    (4,30,'2025-07-25','Reemplazo de mancuernas',390.00),
    (5,NULL,'2025-07-28','Impresion de publicidad',1800.00),
    (6,NULL,'2025-07-31','Diseno de flyers',1825.00);


-- 10 pagos de membresía (socios 1 a 10)
INSERT INTO pago (ID_socio, ID_membresia, FechaPago, Meses, FechaInicio, FechaFin, Total) VALUES
(1, 1, '2025-01-05', 1, '2025-01-01', '2025-01-31', 250.00),
(2, 2, '2025-01-06', 1, '2025-01-01', '2025-01-31', 350.00),
(3, 3, '2025-01-07', 1, '2025-01-01', '2025-01-31', 500.00),
(4, 4, '2025-01-08', 1, '2025-01-01', '2025-01-31', 650.00),
(5, 1, '2025-02-05', 1, '2025-02-01', '2025-02-28', 250.00),
(6, 2, '2025-02-06', 1, '2025-02-01', '2025-02-28', 350.00),
(7, 3, '2025-02-07', 1, '2025-02-01', '2025-02-28', 500.00),
(8, 4, '2025-02-08', 1, '2025-02-01', '2025-02-28', 650.00),
(9, 2, '2025-03-05', 1, '2025-03-01', '2025-03-31', 350.00),
(10, 3, '2025-03-06', 1, '2025-03-01', '2025-03-31', 500.00),
(11, 1, '2025-04-05', 1, '2025-04-01', '2025-04-30', 250.00),
(12, 2, '2025-04-05', 1, '2025-04-01', '2025-04-30', 350.00),
(13, 3, '2025-04-05', 1, '2025-04-01', '2025-04-30', 500.00),
(14, 4, '2025-04-05', 1, '2025-04-01', '2025-04-30', 650.00),

(15, 1, '2025-04-06', 1, '2025-04-01', '2025-04-30', 250.00),
(16, 2, '2025-04-06', 1, '2025-04-01', '2025-04-30', 350.00),
(17, 3, '2025-04-06', 1, '2025-04-01', '2025-04-30', 500.00),
(18, 4, '2025-04-06', 1, '2025-04-01', '2025-04-30', 650.00),

(19, 1, '2025-04-07', 1, '2025-04-01', '2025-04-30', 250.00),
(20, 2, '2025-04-07', 1, '2025-04-01', '2025-04-30', 350.00),
(21, 3, '2025-04-07', 1, '2025-04-01', '2025-04-30', 500.00),
(22, 4, '2025-04-07', 1, '2025-04-01', '2025-04-30', 650.00),

(23, 1, '2025-04-08', 1, '2025-04-01', '2025-04-30', 250.00),
(24, 2, '2025-04-08', 1, '2025-04-01', '2025-04-30', 350.00),
(25, 3, '2025-04-08', 1, '2025-04-01', '2025-04-30', 500.00),
(26, 4, '2025-04-08', 1, '2025-04-01', '2025-04-30', 650.00),

(27, 1, '2025-04-09', 1, '2025-04-01', '2025-04-30', 250.00),
(28, 2, '2025-04-09', 1, '2025-04-01', '2025-04-30', 350.00),
(29, 3, '2025-04-09', 1, '2025-04-01', '2025-04-30', 500.00),
(30, 4, '2025-04-09', 1, '2025-04-01', '2025-04-30', 650.00),

(31, 1, '2025-04-10', 1, '2025-04-01', '2025-04-30', 250.00),
(32, 2, '2025-04-10', 1, '2025-04-01', '2025-04-30', 350.00),
(33, 3, '2025-04-10', 1, '2025-04-01', '2025-04-30', 500.00),
(34, 4, '2025-04-10', 1, '2025-04-01', '2025-04-30', 650.00),

(35, 1, '2025-04-11', 1, '2025-04-01', '2025-04-30', 250.00),
(36, 2, '2025-04-11', 1, '2025-04-01', '2025-04-30', 350.00),
(37, 3, '2025-04-11', 1, '2025-04-01', '2025-04-30', 500.00),
(38, 4, '2025-04-11', 1, '2025-04-01', '2025-04-30', 650.00),

(39, 1, '2025-04-12', 1, '2025-04-01', '2025-04-30', 250.00),
(40, 2, '2025-04-12', 1, '2025-04-01', '2025-04-30', 350.00),
(41, 3, '2025-04-12', 1, '2025-04-01', '2025-04-30', 500.00),
(42, 4, '2025-04-12', 1, '2025-04-01', '2025-04-30', 650.00),

(43, 1, '2025-04-13', 1, '2025-04-01', '2025-04-30', 250.00),
(44, 2, '2025-04-13', 1, '2025-04-01', '2025-04-30', 350.00),
(45, 3, '2025-04-13', 1, '2025-04-01', '2025-04-30', 500.00),
(46, 4, '2025-04-13', 1, '2025-04-01', '2025-04-30', 650.00),

(47, 1, '2025-04-14', 1, '2025-04-01', '2025-04-30', 250.00),
(48, 2, '2025-04-14', 1, '2025-04-01', '2025-04-30', 350.00),
(49, 3, '2025-04-14', 1, '2025-04-01', '2025-04-30', 500.00),
(50, 4, '2025-04-14', 1, '2025-04-01', '2025-04-30', 650.00),

(51, 1, '2025-04-15', 1, '2025-04-01', '2025-04-30', 250.00),
(52, 2, '2025-04-15', 1, '2025-04-01', '2025-04-30', 350.00),
(53, 3, '2025-04-15', 1, '2025-04-01', '2025-04-30', 500.00),
(54, 4, '2025-04-15', 1, '2025-04-01', '2025-04-30', 650.00),

(55, 1, '2025-04-16', 1, '2025-04-01', '2025-04-30', 250.00),
(56, 2, '2025-04-16', 1, '2025-04-01', '2025-04-30', 350.00),
(57, 3, '2025-04-16', 1, '2025-04-01', '2025-04-30', 500.00),
(58, 4, '2025-04-16', 1, '2025-04-01', '2025-04-30', 650.00),

(59, 1, '2025-04-17', 1, '2025-04-01', '2025-04-30', 250.00),
(60, 2, '2025-04-17', 1, '2025-04-01', '2025-04-30', 350.00),
(61, 3, '2025-04-17', 1, '2025-04-01', '2025-04-30', 500.00),
(62, 4, '2025-04-17', 1, '2025-04-01', '2025-04-30', 650.00),

(63, 1, '2025-04-18', 1, '2025-04-01', '2025-04-30', 250.00),
(64, 2, '2025-04-18', 1, '2025-04-01', '2025-04-30', 350.00),
(65, 3, '2025-04-18', 1, '2025-04-01', '2025-04-30', 500.00),
(66, 4, '2025-04-18', 1, '2025-04-01', '2025-04-30', 650.00),

(67, 1, '2025-04-19', 1, '2025-04-01', '2025-04-30', 250.00),
(68, 2, '2025-04-19', 1, '2025-04-01', '2025-04-30', 350.00),
(69, 3, '2025-04-19', 1, '2025-04-01', '2025-04-30', 500.00),
(70, 4, '2025-04-19', 1, '2025-04-01', '2025-04-30', 650.00);

-- 10 pagos SOLO de clases (IDs de pago serán 11 a 20)

INSERT INTO pago (ID_socio, ID_membresia, FechaPago, Meses, FechaInicio, FechaFin, Total) VALUES
(1,  NULL, '2025-04-01', 0, NULL, NULL, 620.00),  -- Boxing + Kickboxing
(2,  NULL, '2025-04-02', 0, NULL, NULL, 750.00),  -- Jiujitsu + Crossfit
(3,  NULL, '2025-04-03', 0, NULL, NULL, 730.00),  -- Zumba + Natacion
(4,  NULL, '2025-04-04', 0, NULL, NULL, 650.00),  -- Boxing + Jiujitsu
(5,  NULL, '2025-04-05', 0, NULL, NULL, 600.00),  -- Kickboxing + Zumba
(6,  NULL, '2025-04-06', 0, NULL, NULL, 850.00),  -- Crossfit + Natacion
(7,  NULL, '2025-04-07', 0, NULL, NULL, 320.00),  -- Kickboxing
(8,  NULL, '2025-04-08', 0, NULL, NULL, 400.00),  -- Crossfit
(9,  NULL, '2025-04-09', 0, NULL, NULL, 450.00),  -- Natacion
(10, NULL, '2025-04-10', 0, NULL, NULL, 280.00);  -- Zumba

-- INSERTS PARA TABLA PAGO_CLASE (detalle de pagos 11–20)

INSERT INTO pago_clase (ID_pago, ID_clase, Cantidad, PrecioUnitario) VALUES
(11, 1, 1, 300.00),
(11, 2, 1, 320.00),
(12, 3, 1, 350.00),
(12, 4, 1, 400.00),
(13, 5, 1, 280.00),
(13, 6, 1, 450.00),
(14, 1, 1, 300.00),
(14, 3, 1, 350.00),
(15, 2, 1, 320.00),
(15, 5, 1, 280.00),
(16, 4, 1, 400.00),
(16, 6, 1, 450.00),
(17, 2, 1, 320.00),
(18, 4, 1, 400.00),
(19, 6, 1, 450.00),
(20, 5, 1, 280.00);

-- INSERTS PARA TABLA CLASEINSCRITA (socios 1 a 20, dos clases)


INSERT INTO claseInscrita (ID_socio, ID_clase, FechaInscripcion, Estado) VALUES
(1, 1, '2025-01-10', 'Activo'),
(1, 2, '2025-01-15', 'Activo'),
(2, 2, '2025-01-10', 'Activo'),
(2, 3, '2025-01-15', 'Activo'),
(3, 3, '2025-01-10', 'Activo'),
(3, 4, '2025-01-15', 'Activo'),
(4, 4, '2025-01-10', 'Activo'),
(4, 5, '2025-01-15', 'Activo'),
(5, 5, '2025-01-10', 'Activo'),
(5, 6, '2025-01-15', 'Inactivo'),
(6, 6, '2025-01-10', 'Activo'),
(6, 1, '2025-01-15', 'Activo'),
(7, 1, '2025-01-10', 'Activo'),
(7, 2, '2025-01-15', 'Activo'),
(8, 2, '2025-01-10', 'Activo'),
(8, 3, '2025-01-15', 'Activo'),
(9, 3, '2025-01-10', 'Activo'),
(9, 4, '2025-01-15', 'Activo'),
(10, 4, '2025-01-10', 'Activo'),
(10, 5, '2025-01-15', 'Inactivo'),
(11, 5, '2025-01-10', 'Activo'),
(11, 6, '2025-01-15', 'Activo'),
(12, 6, '2025-01-10', 'Activo'),
(12, 1, '2025-01-15', 'Activo'),
(13, 1, '2025-01-10', 'Activo'),
(13, 2, '2025-01-15', 'Activo'),
(14, 2, '2025-01-10', 'Activo'),
(14, 3, '2025-01-15', 'Activo'),
(15, 3, '2025-01-10', 'Activo'),
(15, 4, '2025-01-15', 'Inactivo'),
(16, 4, '2025-01-10', 'Activo'),
(16, 5, '2025-01-15', 'Activo'),
(17, 5, '2025-01-10', 'Activo'),
(17, 6, '2025-01-15', 'Activo'),
(18, 6, '2025-01-10', 'Activo'),
(18, 1, '2025-01-15', 'Activo'),
(19, 1, '2025-01-10', 'Activo'),
(19, 2, '2025-01-15', 'Activo'),
(20, 2, '2025-01-10', 'Activo'),
(20, 3, '2025-01-15', 'Inactivo');

INSERT INTO pago (ID_socio, ID_membresia, FechaPago, Meses, FechaInicio, FechaFin, Total) VALUES
(61, NULL, '2025-06-01', 0, NULL, NULL, 620.00),  
(62, NULL, '2025-06-02', 0, NULL, NULL, 750.00),  
(63, NULL, '2025-06-03', 0, NULL, NULL, 730.00),  
(64, NULL, '2025-06-04', 0, NULL, NULL, 650.00), 
(65, NULL, '2025-06-05', 0, NULL, NULL, 600.00),  

(66, NULL, '2025-06-06', 0, NULL, NULL, 850.00),  
(67, NULL, '2025-06-07', 0, NULL, NULL, 300.00),
(68, NULL, '2025-06-08', 0, NULL, NULL, 320.00),  
(69, NULL, '2025-06-09', 0, NULL, NULL, 400.00), 
(70, NULL, '2025-06-10', 0, NULL, NULL, 450.00), 

(71, NULL, '2025-06-11', 0, NULL, NULL, 620.00),  
(72, NULL, '2025-06-12', 0, NULL, NULL, 750.00), 
(73, NULL, '2025-06-13', 0, NULL, NULL, 730.00),  
(74, NULL, '2025-06-14', 0, NULL, NULL, 650.00), 
(75, NULL, '2025-06-15', 0, NULL, NULL, 600.00), 
(76, NULL, '2025-06-16', 0, NULL, NULL, 850.00), 
(77, NULL, '2025-06-17', 0, NULL, NULL, 300.00),  
(78, NULL, '2025-06-18', 0, NULL, NULL, 320.00),
(79, NULL, '2025-06-19', 0, NULL, NULL, 400.00), 
(80, NULL, '2025-06-20', 0, NULL, NULL, 450.00);  


INSERT INTO pago_clase (ID_pago, ID_clase, Cantidad, PrecioUnitario) VALUES
    (92, 1, 1, 300.00),
    (92, 2, 1, 320.00),
    (93, 3, 1, 350.00),
    (93, 4, 1, 400.00),
    (94, 5, 1, 280.00),
    (94, 6, 1, 450.00),
    (95, 1, 1, 300.00),
    (95, 3, 1, 350.00),
    (96, 2, 1, 320.00),
    (96, 5, 1, 280.00),
    (97, 4, 1, 400.00),
    (97, 6, 1, 450.00),
    (98, 1, 1, 300.00),
    (99, 2, 1, 320.00),
    (100, 4, 1, 400.00),
    (101, 6, 1, 450.00),
    (102, 1, 1, 300.00),
    (102, 2, 1, 320.00),
    (103, 3, 1, 350.00),
    (103, 4, 1, 400.00),
    (104, 5, 1, 280.00),
    (104, 6, 1, 450.00),
    (105, 1, 1, 300.00),
    (105, 3, 1, 350.00),
    (106, 2, 1, 320.00),
    (106, 5, 1, 280.00),
    (107, 4, 1, 400.00),
    (107, 6, 1, 450.00),
    (108, 1, 1, 300.00),
    (109, 2, 1, 320.00),
    (110, 4, 1, 400.00),
    (111, 6, 1, 450.00);

-- INSCRIPCIONES EN CLASES PARA SOCIOS 61–80

INSERT INTO claseInscrita (ID_socio, ID_clase, FechaInscripcion, Estado) VALUES
    (61, 1, '2025-06-01', 'Activo'),
    (61, 2, '2025-06-02', 'Activo'),
    (62, 3, '2025-06-02', 'Activo'),
    (62, 4, '2025-06-03', 'Activo'),
    (63, 5, '2025-06-03', 'Activo'),
    (63, 6, '2025-06-04', 'Inactivo'),
    (64, 1, '2025-06-04', 'Activo'),
    (64, 3, '2025-06-05', 'Activo'),
    (65, 2, '2025-06-05', 'Activo'),
    (65, 5, '2025-06-06', 'Inactivo'),
    (66, 4, '2025-06-06', 'Activo'),
    (66, 6, '2025-06-07', 'Activo'),
    (67, 1, '2025-06-07', 'Activo'),
    (67, 4, '2025-06-08', 'Activo'),
    (68, 2, '2025-06-08', 'Activo'),
    (68, 6, '2025-06-09', 'Activo'),
    (69, 3, '2025-06-09', 'Activo'),
    (69, 5, '2025-06-10', 'Activo'),
    (70, 1, '2025-06-10', 'Activo'),
    (70, 2, '2025-06-11', 'Inactivo'),
    (71, 3, '2025-06-11', 'Activo'),
    (71, 4, '2025-06-12', 'Activo'),
    (72, 5, '2025-06-12', 'Activo'),
    (72, 6, '2025-06-13', 'Inactivo'),
    (73, 1, '2025-06-13', 'Activo'),
    (73, 5, '2025-06-14', 'Activo'),
    (74, 2, '2025-06-14', 'Activo'),
    (74, 4, '2025-06-15', 'Activo'),
    (75, 3, '2025-06-15', 'Activo'),
    (75, 6, '2025-06-16', 'Inactivo'),
    (76, 1, '2025-06-16', 'Activo'),
    (76, 3, '2025-06-17', 'Activo'),
    (77, 2, '2025-06-17', 'Activo'),
    (77, 4, '2025-06-18', 'Activo'),
    (78, 5, '2025-06-18', 'Activo'),
    (78, 6, '2025-06-19', 'Activo'),
    (79, 1, '2025-06-19', 'Activo'),
    (79, 2, '2025-06-20', 'Activo'),
    (80, 3, '2025-06-20', 'Activo'),
    (80, 5, '2025-06-21', 'Inactivo');

select * from claseInscrita